1,"Test tytyl","Test autor","FREE","http://via.placeholder.com/140x218","2017-08-1"
2,"Test tytyl","Test autor","FREE","http://via.placeholder.com/140x218","2017-08-12"
3,"Test tytyl","Test autor","RENT","http://via.placeholder.com/140x218","2017-08-13"
4,"Test tytyl","Test autor","FREE","http://via.placeholder.com/140x218","2017-08-14"
5,"Test tytyl","Test autor","FREE","http://via.placeholder.com/140x218","2017-08-15"
6,"Test tytyl","Test autor","FREE","http://via.placeholder.com/140x218","2017-08-16"
7,"Test tytyl","Test autor","FREE","http://via.placeholder.com/140x218","2017-08-17"
8,"Test tytyl","Test autor","FREE","http://via.placeholder.com/140x218","2017-08-18"
9,"Test tytyl","Test autor","FREE","http://via.placeholder.com/140x218","2017-08-19"
10,"Test tytyl","Test autor","FREE","http://via.placeholder.com/140x218","2017-08-20"
11,"Test tytyl","Test autor","FREE","http://via.placeholder.com/140x218","2017-08-21"
12,"Test tytyl","Test autor","FREE","http://via.placeholder.com/140x218","2017-08-22"
13,"Test tytyl","Test autor","FREE","http://via.placeholder.com/140x218","2017-08-23"
14,"Test tytyl","Test autor","RENT","http://via.placeholder.com/140x218","2017-08-25"